source_path	sha256
bin/metaflip.w	7e967b11d44fcf4428d85e038e5894a463733f276e21f811d3af3e1570572281
lib/metaflip.w	31482452bb729a801e17ab101e211837d1551139c0482610900ff2ea5829c4aa
lib/metaflip/compose.w	acecbc11701c27846bac7adbe14b6632ce76670832e5a040d526af42addfac16
lib/metaflip/fleet.w	12399e0c0b98c59b6e312baf1248c1a70600a49c7288e11783fff0698748ec7f
lib/metaflip/fleet/archive.w	cb40a0d82c63ae9d59a93c7f1b88f9edaa0fa902ff9a712e0273ac00622f2713
lib/metaflip/fleet/banks.w	4b2f2c9c284e75a94162eb69b1addb4c518ec6898d075f76d992e3f3b0fe30d9
lib/metaflip/fleet/basins.w	d500137ac26bdb47093a67ed4af792058e95b28bbd82b72b6080e888aa788e04
lib/metaflip/fleet/cpu_experiments.w	e6eb56e2814f9d88374dd355522642277a7f34fadfc48c8d14bb1534218f2609
lib/metaflip/fleet/cpu_pool.w	38321f8753ee8002c8c42f228f5ca2202a13e04e72b671aa61f4b77c41b1ddcb
lib/metaflip/fleet/frontier.w	3f943d5ff909d248db53699eddab820dfbf85d5faddda0e09557b20be7ef10a0
lib/metaflip/fleet/intake.w	ab0ad3d1f02c51e5420cd0a7d3b720898b47440575027069a40ba279b1aed8bf
lib/metaflip/fleet/lineage.w	aab5289b08324255044079646dbb7a33ebb250d55d4530f7f3f52db2b700d9ea
lib/metaflip/fleet/map_elites.w	7af86ca41c4aa3ad8f4761826a08c280be0311cd26eb6f20db5d4913c5117578
lib/metaflip/fleet/provenance.w	14ff73716266497cfe0b090470817ebcdade2c22565e59ca39e2d3564afced81
lib/metaflip/fleet/rank_debt.w	ae2a3d05505abbc80058759410075cd3a8dfd5d7bf66b3462fd4f330116e9579
lib/metaflip/fleet/seven_by_seven.w	d796132a5f03bc07001a3677c0fbbb41d4c1edd6430469b1faf80655fd2b4f2a
lib/metaflip/kernels/bundles/c3.w	9eff79648902b9bccc75b84e9bdcf1afdebccb0b49c64e3ba69b7dc373d6af39
lib/metaflip/kernels/bundles/differential.w	089f79ac25a1eb03f9e252e9df6ef07e5adb620b3b7e8d6f3ef957539987e748
lib/metaflip/kernels/bundles/frozen_fringe_sat.w	2ca2eb46bcd4dd25ab2b77f338c5738591c2c27bc462da153b6ec22527e65497
lib/metaflip/kernels/bundles/generic.w	36d8bc37aac75a29c4c6970a096607ffe04cf74435107c79865220a5ba193f39
lib/metaflip/kernels/bundles/global_kernel_shear.w	e880f23655ecc68720b22ce28408f782a89197a21502b6087c28b264b273de5f
lib/metaflip/kernels/bundles/pooled_exact.w	a58baee1ddbbb0d1c4b144da59049cf5b827c7c57735dbe0ca6eb4d1df12e19c
lib/metaflip/kernels/bundles/rect.w	51b14982f8baf7a798897efa80a31b6cae783ecb8b5cd1cd43d5e36c3341abc2
lib/metaflip/kernels/bundles/simd.w	c7e257cad64475bc21a980481cd3693a06b888cd1d575eb8d064323a0e81a89f
lib/metaflip/kernels/bundles/workers.w	cfc1e62f9d141d633077be15d5334fe55eac85367280853ad1342744d91cb5ce
lib/metaflip/kernels/c3/c3_333.w	41566e55d46594a22094c69ce4f9bdc1a8ff574acab78badecccd98c9a55668d
lib/metaflip/kernels/c3/c3_444.w	862108bad381304b3b29625f68bdc0820b0cf3735f9259247d610c93da9257e3
lib/metaflip/kernels/c3/c3_555.w	70c60fb5725ea53ae27cde294bba2387d02a36aa01d63654a69418e518fc588f
lib/metaflip/kernels/c3/c3_666.w	945080b16b9290f0de499944ade5fda2919896c120f67566161b0cf25ce8d19a
lib/metaflip/kernels/c3/c3_777.w	e61239c7efbf193be9de9b76fca8e4f60eacaa07cfb3d5b709ce932062a041ff
lib/metaflip/kernels/constraint.w	abc017e2519e593e81a824149a6091d6c831bbae0d8b9b94bd95f3c9bf8037bd
lib/metaflip/kernels/differential.w	a0d1618592a742af3270790d0c520150f9995e4aa93bcac4a3c99bad81a9f852
lib/metaflip/kernels/frozen_fringe_sat.w	b856199699bfc7d922a12f7d05f5da3bb639ed15ca1952e72c64c8806af773df
lib/metaflip/kernels/generic/cal2zone_333.w	287a7cd08c3724dfbf2bf3e7882db9f5bddb761fafc3c219779e193f6d51366b
lib/metaflip/kernels/generic/cal2zone_444.w	865cab0059af269853efb5a03f9de732ee887a36e47e0f20ef25f94c6fa2fb1b
lib/metaflip/kernels/generic/cal2zone_555.w	2038d2db655496831ef8f43c26bba006070ef0ea2a49c0a7a7d454291d9fd77a
lib/metaflip/kernels/generic/cal2zone_666.w	51c941a36a303825e92e6a30842ab13f67a4d24ab91fb3920beb3890f45ceffd
lib/metaflip/kernels/generic/cal2zone_777.w	e20b75bb84dde70aa364a0b6778de284f97eeb7dc0a26001a499a4b7c821904d
lib/metaflip/kernels/global_kernel_shear.w	0e83653af7512d96de836d68a5bbb312cfa12ece43f0c3f21235c52f51dda0ac
lib/metaflip/kernels/kxor.w	1e5bf20e29e498c81fab372540f7fec1bd4380d3617c1e472f898ada1f8504a8
lib/metaflip/kernels/low_rank_shear.w	a6a2cfa60c8a64f5b72050a42af87fc872842986594c47bf5b9d75f349f0c0e0
lib/metaflip/kernels/metallib_cache.w	8c2dd9722fe4361d96b3a1aa23dbe09c32bac55a9561e1c794ffc5546c127d80
lib/metaflip/kernels/mitm.w	ff87e55b8e2cc27d27b478f338c485718709ef2eadb801464b0aaa279343f8bb
lib/metaflip/kernels/persistent.w	11661de899fb84eeff90d7c6394706edd07fecbc6a9ba40069dea61149a611a8
lib/metaflip/kernels/policy.w	fdc740271dfffe3a11fa5733872786cad7730324b6a032997e962e60c3bef250
lib/metaflip/kernels/pool.w	e8f0062b3fd005b5397d6a692ac8240e5d8fc23afb52e972acb4d5f32e274b0e
lib/metaflip/kernels/pooled_exact.w	d44c1000575d08270f27bcc5fd87d389855f3f678d15897c3ea3982efe3e5c4a
lib/metaflip/kernels/rect_kxor.w	b9bd130062646931c30ec82408fdee5585ba2a35bd07b4f606beb006485e1d61
lib/metaflip/kernels/rect_mitm.w	d3b265fb9fb6e9940481339d2d972db2703245aa01e276a1ed64743f6c153cbd
lib/metaflip/kernels/rect_reject.w	2fc98a44ca8f81bea2d3d1df35a7bc19b82c5999d995c77990d6f1e057e4549d
lib/metaflip/kernels/rectangular/cal2zone_225.w	5fecdae25a7a5109fb88707095f8d6cec5e096a7f7450cc2b1b7693615c7a4f4
lib/metaflip/kernels/rectangular/cal2zone_226.w	1fa3c15f68738a34f02bc5861d79ccb41b51967255afe37b208d7c50e05ac735
lib/metaflip/kernels/rectangular/cal2zone_227.w	baf2e03276d6fe58e7992fcf899d43433ae4077fe4b091ac7e4548be504ad118
lib/metaflip/kernels/rectangular/cal2zone_228.w	996c83b9f928b89ebec00c552943f3767be579529eee4cb82ccaee9072b9fee1
lib/metaflip/kernels/rectangular/cal2zone_229.w	1c54a6cb03287958f2f499ed9c8e2024befdea7bcd934376c4366405b1965721
lib/metaflip/kernels/rectangular/cal2zone_234.w	994ed98d10560bdf9fddabbe7d0ca802a5294da975d1761ca0e9d4137b30fff8
lib/metaflip/kernels/rectangular/cal2zone_235.w	97799118a54c3e5f1e3a6c6e73c388d00ac0c29c06b2edaad62e96ab8b628115
lib/metaflip/kernels/rectangular/cal2zone_245.w	f3f99d8c950587a9287ebf25ca58f8997085d9db700c4e70ca9c9373cb0ecd7f
lib/metaflip/kernels/rectangular/cal2zone_256.w	39b45bc46a9a8473052dcfa3ef23a1050d0dcbe9b2a96a9a91428f492829b173
lib/metaflip/kernels/rectangular/cal2zone_334.w	8182e698798aee3f0106236179a44f842b45fc0f0cdbc1fddd40f784b1180592
lib/metaflip/kernels/rectangular/cal2zone_335.w	fd28d8f5e1121830d3c031c7fa86d03c0e53f684061daabc65ff0e1da2f29acf
lib/metaflip/kernels/rectangular/cal2zone_344.w	c135528c341f929f12773fff501a35af82a4ceb3a72d43722a53acc1a2c41123
lib/metaflip/kernels/rectangular/cal2zone_345.w	97b6837ba7dd5d36298b04b34ab70569d610f59423e1910f336191aff7abb559
lib/metaflip/kernels/rectangular/cal2zone_346.w	73b2e649db8f6afe1c2734fb75242e5f5137f020d10b37426c7b9c864ad74385
lib/metaflip/kernels/rectangular/cal2zone_347.w	0c63a19884e5b52faae1e2db5696025ed2a0dc48b850f7cfc56a6fda29e59fda
lib/metaflip/kernels/rectangular/cal2zone_355.w	5c6dd1d54a777956c9b4267e3105fba74f4dc66db3a2215cb950aa75e1be232e
lib/metaflip/kernels/rectangular/cal2zone_356.w	957a5a93dca3bed880163520b5f2f2fdca69a3f2235519d49bf1033269ec748e
lib/metaflip/kernels/rectangular/cal2zone_445.w	ae3bca7c7437a6608641175c415828522a6932314b7db3c3332f05005f7ede70
lib/metaflip/kernels/rectangular/cal2zone_446.w	6d193477be853d822fcd31acb79713fb8c092133b39f6e1a9c798c5d5ab2b1b6
lib/metaflip/kernels/rectangular/cal2zone_456.w	3b6616105df6f64167fdeeb007739d976ee092f6849dc5981a239d2ea310235a
lib/metaflip/kernels/rectangular/cal2zone_457.w	5931ccf70a266b11167f1772d7b34612b07395dbf7c676d66e5500f947320a15
lib/metaflip/kernels/reject.w	c3e6d6367e9437cdf95c43511a7f644bf20fe6bf29ade9e92cc1512c7dfc5af4
lib/metaflip/kernels/simd/simdgroup_333.w	7e12cb05314d381bd343efea1d92f4e910711c1055f99e5fcdea77227769fa16
lib/metaflip/kernels/simd/simdgroup_444.w	a6c163bb6c605563ab6c773feb32563d6f5375ff9573e751e1931cf8900b89fe
lib/metaflip/kernels/simd/simdgroup_555.w	0f0cf67de72e06a2562a3c13eb3d910f44b6e8f85b1a7174d2d2606dd2ec7075
lib/metaflip/kernels/simd/simdgroup_666.w	9dc2709c1550d3688e6fbf76094b8a60b4d9ad2d6da2f9b67a42a458f6aadccc
lib/metaflip/kernels/simd/simdgroup_777.w	356a9e9f8f1b2005189d61504b696914e710715344df7b67b10c501afef2a7c3
lib/metaflip/kernels/span_refactor.w	bc9a4084200d84b9269b37d88b4e12a1e63f68c83d972c46ea158669f48340c3
lib/metaflip/kernels/workers/constraint.w	0726bb0a0172a23778f1264cab9efad48212524d49ffe9bb142adf31500c32ac
lib/metaflip/kernels/workers/differential.w	420fc2decba854e412d63278398460eac6aa125338b2a465d3b15085c481a3c2
lib/metaflip/kernels/workers/frozen_fringe_sat.w	2741eb9e2a62a93741c349a0df3829ef67570a807257b9f3cf85aaf4cc28469c
lib/metaflip/kernels/workers/global_kernel_shear.w	489a4b82452e4570f4b616876c887714a1fe97d95c5b8560a14a36b9278cb887
lib/metaflip/kernels/workers/kxor.w	505d0e3dbaed98a3f42d76aa6e755b5b52f914ffd3abf316c0126ed019bdd286
lib/metaflip/kernels/workers/low_rank_shear.w	7ffc3525b6793dadac0085c02ec2dae02dcbed015ea2669e4542a1973f7189c0
lib/metaflip/kernels/workers/mitm.w	ac64985f6c0e75f67850b559ccddbd6277fac3060468ef07255f2d514faefaf3
lib/metaflip/kernels/workers/pooled_exact.w	3685c4f0f97aed9668e7e4f86210aad9fd5ce9fb36acb326f417efffc775d354
lib/metaflip/kernels/workers/rect_kxor.w	7028192c2748cc0dce53d094cb89af5aae5d17bf487d07fc0abc689bfeaa9473
lib/metaflip/kernels/workers/rect_mitm.w	b1494bc1b926b92835dd806d7a1cab1390a2cc6bd638f32c024a2d6c4cf81e5d
lib/metaflip/kernels/workers/span_refactor.w	5edbdcb6aff0bc30ba7a08a0d0be3c238955af4eb1e63fbaa9e1b5925705128d
lib/metaflip/paths.w	12f8566a7a8089e03587055552cc3edafe0e13509e1902879f872214a6dce8a4
lib/metaflip/rect.w	835d31d004088aa4fb17181391b9bdbeaa939a83aa1ba40c96675d59304da77e
lib/metaflip/rect/basins.w	9e0d84b8964d1a4a16d855ef8ed7942e03c47f610715b9b90d1cb522ad00779e
lib/metaflip/rect/campaign.w	0b60cd5c5e382686a48b6ce15fa2970762ac6b17f3e22608a6a1c861b3856082
lib/metaflip/rect/cpu_pool.w	e9fad059d40bec7d84cdb809aedde737e8d0e6eb68467ffe338d6c7b484be3b0
lib/metaflip/rect/doors.w	05399527a0df8d343de2016a9f750cbc089bf07800b68ffbdbe1654a53353c73
lib/metaflip/rect/policy.w	bb4ccc5a57089a1e4d5655899ebfa237d44cab7d87e36971be6d31a509292470
lib/metaflip/rect/portfolio.w	0110f957fe5073777b80eef1bbbcbf3f47943a62ac32b13f87a6e4a2243f9e03
lib/metaflip/rect/tui.w	449abc61e6c46d37c05395a5294c3d22187e5db52e9d7001dc835e68d90f3227
lib/metaflip/scheme.w	bca95bc2fc19e76ea42308823174e15acf7865881fe3f03ce7a30cbe332a51cc
lib/metaflip/seeds/catalog.w	33032b8a555780720680502603660ba78d556dc8d8687eb7d91257c8649d5538
lib/metaflip/seeds/rect.w	abd7d1c8d0f5eead9e532eb937a8af1377a51c82da11869b1c1a4456e89e2177
lib/metaflip/seeds/shoulders.w	73f3e997284e9527bb78fcea12386e4fb59a6d26d418e7506e743b5eee8ae295
lib/metaflip/strategies/archive_nullspace.w	4b0d71dc25765c1f10744e7ea49932fa9edadb57b629561473f1266d571c2c25
lib/metaflip/strategies/beam_recipes.w	7b5d4c604afe91d76eb60b31da12311f08b877c88330f6b631843a946084dac1
lib/metaflip/strategies/block_interior.w	2eced2bb409ecc0e7196a6f7555188545638384857d3f07bb8340200fd118e19
lib/metaflip/strategies/circuit_search.w	509af8961ea0da9df7ee7a5e941748f3ae226d0019800d8784f621cc4b35ee97
lib/metaflip/strategies/circuit_search3.w	7fa9120522a79cc1ee27ea7c5b65539c495acb564e6b046863bd249d21275438
lib/metaflip/strategies/circuits.w	32e007275a243727620707020e517109d24d723e1bb6e961f1f88d4404319031
lib/metaflip/strategies/debt_mitm.w	0b92f934f0ddf8684701788489eb4c244badf72ebf4a102022f2fa4e0259e20d
lib/metaflip/strategies/delta_components.w	27ff2419f1430d9dd583bfaaba60a5a4bc516deaa74b3ac76fa3a3ea77922d26
lib/metaflip/strategies/dynamic_syzygy.w	3410b717a555dcab079db96b9f59947a0790413bce1c889115f8f4ea7470b372
lib/metaflip/strategies/escape.w	6d91f22c039899f29062282457151c3b8135951339947bdd26096b4b6c777a05
lib/metaflip/strategies/flatten_gauge.w	e74e630408f38d79d18445cf620c261fc526dd812b8ddbe9df32dc5bc9c8118c
lib/metaflip/strategies/frozen_fringe_sat.w	607bb0dc221fb9331907598d44a2165af96083b09fee44478aed8c4c58269a6f
lib/metaflip/strategies/global_isotropy.w	baa39b11ff0f4e7629198b21e682aaeb90fa35e126974882e6f14ed9437fad56
lib/metaflip/strategies/kernel_shear.w	800c1ecc831d6927fb9f606ab2960c347f50fbe525de8dccfa7c4fdcc648eb6e
lib/metaflip/strategies/low_rank_shear.w	72c1a8dd004d326318b4adc8bf6fa3d94dca82e7934e1c6a272ce4e646b145e2
lib/metaflip/strategies/macro_commutator.w	2962b299cb026c9f6d25aa8644cb70304b0e2b624cbc41508c378f9f9b15052d
lib/metaflip/strategies/macro_core_rewrite.w	b4dade6181116efc581dccedf0adda0e33f4e7179db87a0d6863c2d53fa07bc0
lib/metaflip/strategies/macro_double_annihilation.w	ede76e81436b55a286b10755a0475c30c96d17a8daa001ea5f4318abdecd4c91
lib/metaflip/strategies/macro_goal_beam.w	5296c39510d3c91fe686f01f84f7ca5725b903cb96beae952071a1d762edbfce
lib/metaflip/strategies/macro_holonomy.w	a0be598527ec73a9cf324c35238cac0229a8f90a43f2538fa5a787b33f3930a6
lib/metaflip/strategies/macro_resolved_commutator.w	3f01587dd9c04e52edcd1b0a0ab9e78513abfad9407419c6385f7e629b31df26
lib/metaflip/strategies/matrix_pencil.w	6fd71d0b3d457ef26a695c8b1b1d348982a17f2b3e36014b03605681e3e09aea
lib/metaflip/strategies/mode_locked.w	1e37a7647fbc74d8f6362d2fae107caec16ddf09aef0d7368a586c1b83aa2b18
lib/metaflip/strategies/partial_automorphism.w	0770ebe73d9b1b8793c5a65bb3cf79112e890684d867adb0fd25ff747907bfd7
lib/metaflip/strategies/partial_automorphism_nullspace.w	e6e71b712b7447420467d48ee61f08c9c130a6b1c8d19b1ed5d16fcfe8db841d
lib/metaflip/strategies/pooled_exact.w	6fec86a975d1f308335a2a5d12e51241a7ce6d2c5b5fd333a7d5a762b66f3e49
lib/metaflip/strategies/projective_circuit.w	43873a7fb6ed0167b4ecf6c7e5a41008800f5502e5cbba2250c5b3819fcc6b09
lib/metaflip/strategies/rect_catalyst_lift.w	545f65a3f6d5b80d7762aa63db706aa2e8ec99b257c1979dffb554d05cfc6ee7
lib/metaflip/strategies/rect_catalyst_lift2.w	facdac4ff529aa0b5a5f27df30aebaa98a00193c97c6a9624c7e731127c8b367
lib/metaflip/strategies/rect_endpoint_path.w	cae2d81047362e9c6b5c506da779553043248250b9a514b551923480c26522e8
lib/metaflip/strategies/rect_endpoint_rankdown.w	2e31b97bfbdd27ba4a8e67a502d02ed2acaec8af87aed2e5f532b273af70ec79
lib/metaflip/strategies/rect_endpoint_rankdown2.w	53e4c3ea1a65b6362fe98999f40050af994ee863cd5ed404919192578057ab9f
lib/metaflip/strategies/sat_repair.w	2463c8369f28b517b94d3d2ead65b6a27203a5e27d420c9d1c41c184cffbac30
lib/metaflip/strategies/shear.w	0bb5417d5db3945221f05ad81af7b4a2a0b858e2e1258853c2eb22834092ef16
lib/metaflip/strategies/span_refactor.w	5a1331fbecde05c53bbc31ccabf3dd056d600f64315f072dabbff03328ed9255
lib/metaflip/strategies/syndrome_repair.w	64e2cc9f0651c5192dab2a2c14e3996a5343d8805b18e08994303f1f2f5000f8
lib/metaflip/strategies/tunnel.w	2f5cbed4cef9115f950c84ee3a867c41e2a9bbf9b99f5f786635abf96ab67104
lib/metaflip/tui.w	22f0d709f6c5bcd8472b209e062c7bd9d1e8a29edcc7f723f92053b00f7120d4
lib/metaflip/verify.w	d7797de5ae678fe43741526112f0126b811e4f3030cb8c19956ca007e737497e
